,Year,Month,AvgDryBulbTemp_Cincinnati,MinDryBulbTemp_Cincinnati,MaxDryBulbTemp_Cincinnati,DECADE
0,1948,1,268.18733572282,253.14999999999998,294.26111111111106,1940
1,1948,2,274.2890485312907,258.15,293.15,1940
2,1948,3,280.4857228195943,259.81666666666666,298.15,1940
3,1948,4,286.72021604938294,273.15,302.0388888888889,1940
4,1948,5,289.53440860215085,279.26111111111106,302.0388888888889,1940
5,1948,6,295.1945062586926,282.0388888888889,305.92777777777775,1940
6,1948,7,297.17084270505393,285.3722222222222,307.0388888888889,1940
7,1948,8,296.39447431302324,284.26111111111106,309.81666666666666,1940
8,1948,9,293.5280864197541,281.4833333333333,305.3722222222222,1940
9,1948,10,284.5597968936682,269.81666666666666,297.0388888888889,1940
10,1948,11,281.6992107706601,269.81666666666666,294.81666666666666,1940
11,1948,12,275.9651135005976,259.81666666666666,291.4833333333333,1940
12,1949,1,276.5439802336033,258.15,292.59444444444443,1940
13,1949,2,276.3348184818484,261.4833333333333,292.0388888888889,1940
14,1949,3,279.4872531282985,264.81666666666666,295.92777777777775,1940
15,1949,4,283.6808641975313,272.0388888888889,298.15,1940
16,1949,5,291.45943847072954,276.4833333333333,304.81666666666666,1940
17,1949,6,296.6442742185087,282.59444444444443,308.15,1940
18,1949,7,298.83693693693743,289.26111111111106,307.59444444444443,1940
19,1949,8,296.23591992802545,286.4833333333333,307.0388888888889,1940
20,1949,9,289.7294753086425,274.81666666666666,301.4833333333333,1940
21,1949,10,288.7712664277182,274.26111111111106,302.0388888888889,1940
22,1949,11,279.4532407407413,266.4833333333333,295.92777777777775,1940
23,1949,12,276.73198924731236,260.92777777777775,291.4833333333333,1940
24,1950,1,278.30947888589435,264.81666666666666,296.4833333333333,1950
25,1950,2,274.7654100529101,254.81666666666663,290.92777777777775,1950
26,1950,3,276.666524599971,259.81666666666666,298.15,1950
27,1950,4,282.086087898484,268.7055555555555,297.59444444444443,1950
28,1950,5,290.7612604540031,278.15,303.7055555555555,1950
29,1950,6,293.94706790123513,281.4833333333333,306.4833333333333,1950
30,1950,7,295.33173639226334,286.4833333333333,303.7055555555555,1950
31,1950,8,294.4345820248246,281.4833333333333,306.4833333333333,1950
32,1950,9,291.1357231533212,274.81666666666666,303.15,1950
33,1950,10,288.44271206690604,274.81666666666666,302.59444444444443,1950
34,1950,11,276.30200617283947,255.3722222222222,299.26111111111106,1950
35,1950,12,270.5255826191551,257.59444444444443,291.4833333333333,1950
36,1951,1,273.8272700119478,258.15,290.3722222222222,1950
37,1951,2,273.78657407407474,247.59444444444443,291.4833333333333,1950
38,1951,3,277.62804659498244,265.3722222222222,293.15,1950
39,1951,4,283.5358024691361,272.0388888888889,303.15,1950
40,1951,5,291.2242234169656,278.15,306.4833333333333,1950
41,1951,6,295.21635802469166,283.15,305.92777777777775,1950
42,1951,7,297.5854838709685,284.26111111111106,308.15,1950
43,1951,8,296.6067070435183,283.7055555555555,309.81666666666666,1950
44,1951,9,292.02345679012353,276.4833333333333,306.4833333333333,1950
45,1951,10,287.6745582509738,272.59444444444443,303.7055555555555,1950
46,1951,11,276.0743827160499,262.0388888888889,293.15,1950
47,1951,12,274.69329295648294,252.59444444444443,293.7055555555555,1950
48,1952,1,275.8762544802873,257.59444444444443,292.0388888888889,1950
49,1952,2,275.6839728217429,267.0388888888889,289.26111111111106,1950
50,1952,3,278.64507168458863,265.3722222222222,295.3722222222222,1950
51,1952,4,285.1422839506172,271.4833333333333,300.3722222222222,1950
52,1952,5,290.1504480286744,277.0388888888889,305.3722222222222,1950
53,1952,6,298.05586419753166,285.92777777777775,309.81666666666666,1950
54,1952,7,298.59264991775126,284.81666666666666,309.81666666666666,1950
55,1952,8,296.52440262843567,283.7055555555555,307.59444444444443,1950
56,1952,9,292.35391061452566,278.15,307.0388888888889,1950
57,1952,10,283.1575075075077,267.0388888888889,303.15,1950
58,1952,11,279.95864197530915,265.3722222222222,295.3722222222222,1950
59,1952,12,275.5039596507083,263.15,291.4833333333333,1950
60,1953,1,275.39238351254505,261.4833333333333,290.3722222222222,1950
61,1953,2,275.9732473544975,263.15,288.7055555555555,1950
62,1953,3,279.89955197132673,267.0388888888889,295.92777777777775,1950
63,1953,4,282.609104938272,269.81666666666666,299.26111111111106,1950
64,1953,5,292.14805592941525,280.3722222222222,305.3722222222222,1950
65,1953,6,297.3066358024696,282.0388888888889,308.7055555555555,1950
66,1953,7,297.6288395394053,284.81666666666666,308.7055555555555,1950
67,1953,8,297.3592293906817,284.26111111111106,309.26111111111106,1950
68,1953,9,293.49858387799566,278.15,310.92777777777775,1950
69,1953,10,288.2993428912788,273.15,304.81666666666666,1950
70,1953,11,280.2950617283956,268.15,294.81666666666666,1950
71,1953,12,274.4253882915177,255.92777777777775,289.26111111111106,1950
72,1954,1,274.00125448028734,258.15,288.15,1950
73,1954,2,278.162400793651,264.26111111111106,293.7055555555555,1950
74,1954,3,277.5270589997009,263.7055555555555,293.15,1950
75,1954,4,288.30917168907484,268.7055555555555,303.15,1950
76,1954,5,287.98198924731236,273.15,304.81666666666666,1950
77,1954,6,296.38533950617335,280.3722222222222,309.81666666666666,1950
78,1954,7,298.49572879331,286.4833333333333,312.0388888888889,1950
79,1954,8,296.18390083632045,284.81666666666666,307.0388888888889,1950
80,1954,9,294.61913580246977,280.92777777777775,310.92777777777775,1950
81,1954,10,286.99557945041863,270.3722222222222,303.7055555555555,1950
82,1954,11,279.44732653376644,268.7055555555555,295.3722222222222,1950
83,1954,12,274.04950650515974,263.15,287.0388888888889,1950
84,1955,1,272.13609241812526,254.2611111111111,288.7055555555555,1950
85,1955,2,274.56662526908497,255.92777777777775,291.4833333333333,1950
86,1955,3,279.63575305291715,263.15,294.81666666666666,1950
87,1955,4,288.0388888888893,269.81666666666666,300.92777777777775,1950
88,1955,5,291.5710526315793,278.15,302.59444444444443,1950
89,1955,6,293.0463169297431,282.59444444444443,304.26111111111106,1950
90,1955,7,298.7287037037042,291.4833333333333,308.15,1950
91,1955,8,298.3481456557503,285.3722222222222,308.7055555555555,1950
92,1955,9,294.3807098765437,279.81666666666666,306.4833333333333,1950
93,1955,10,286.25558542413404,271.4833333333333,298.7055555555555,1950
94,1955,11,277.8614197530867,259.26111111111106,298.15,1950
95,1955,12,273.1604540023901,257.59444444444443,290.3722222222222,1950
96,1956,1,271.516277328542,259.81666666666666,287.0388888888889,1950
97,1956,2,276.0706577266926,265.92777777777775,290.3722222222222,1950
98,1956,3,278.57342342342406,266.4833333333333,295.3722222222222,1950
99,1956,4,283.33364197530943,270.3722222222222,300.3722222222222,1950
100,1956,5,290.7381123058543,277.0388888888889,303.15,1950
101,1956,6,295.2261860608877,280.92777777777775,305.92777777777775,1950
102,1956,7,296.18539426523307,286.4833333333333,307.59444444444443,1950
103,1956,8,296.07338709677464,283.7055555555555,307.0388888888889,1950
104,1956,9,291.04814814814836,277.59444444444443,304.26111111111106,1950
105,1956,10,288.7758411843882,274.81666666666666,300.3722222222222,1950
106,1956,11,278.97716049382694,262.0388888888889,297.59444444444443,1950
107,1956,12,278.6749402628441,265.92777777777775,294.26111111111106,1950
108,1957,1,270.93300477897293,252.59444444444443,289.81666666666666,1950
109,1957,2,276.6991071428576,264.81666666666666,292.0388888888889,1950
110,1957,3,278.96242532855445,264.81666666666666,295.92777777777775,1950
111,1957,4,286.43317901234565,269.26111111111106,302.0388888888889,1950
112,1957,5,290.9292712066908,273.7055555555555,304.26111111111106,1950
113,1957,6,295.8938271604944,286.4833333333333,308.7055555555555,1950
114,1957,7,297.82592592592647,287.59444444444443,308.7055555555555,1950
115,1957,8,296.5736857825573,283.15,307.0388888888889,1950
116,1957,9,292.66080246913634,278.7055555555555,307.0388888888889,1950
117,1957,10,284.9615292712068,272.59444444444443,299.81666666666666,1950
118,1957,11,279.64922839506187,265.92777777777775,292.0388888888889,1950
119,1957,12,276.99152758983615,258.15,289.26111111111106,1950
120,1958,1,271.75513739545994,259.26111111111106,284.26111111111106,1950
121,1958,2,269.57278439153464,253.14999999999998,290.92777777777775,1950
122,1958,3,276.2906810035843,268.15,287.0388888888889,1950
123,1958,4,285.3799382716056,272.59444444444443,300.92777777777775,1950
124,1958,5,290.48796296296337,277.59444444444443,302.59444444444443,1950
125,1958,6,293.5342592592598,284.26111111111106,304.81666666666666,1950
126,1958,7,296.4422640382322,288.15,305.3722222222222,1950
127,1958,8,295.80456989247347,283.15,305.3722222222222,1950
128,1958,9,292.6731481481487,278.7055555555555,305.3722222222222,1950
129,1958,10,286.2682795698929,272.59444444444443,298.7055555555555,1950
130,1958,11,280.8305555555559,256.4833333333333,300.3722222222222,1950
131,1958,12,270.3849163679811,254.81666666666663,287.0388888888889,1950
132,1959,1,271.464665471924,252.59444444444443,291.4833333333333,1950
133,1959,2,275.12337962963,259.26111111111106,292.0388888888889,1950
134,1959,3,278.1582138590208,265.3722222222222,298.15,1950
135,1959,4,286.0512345679019,274.26111111111106,299.81666666666666,1950
136,1959,5,292.93046594982104,275.3722222222222,305.92777777777775,1950
137,1959,6,295.77422839506227,283.15,307.59444444444443,1950
138,1959,7,297.5705495818401,286.4833333333333,307.59444444444443,1950
139,1959,8,298.4001493428916,288.7055555555555,308.7055555555555,1950
140,1959,9,294.4895061728397,279.26111111111106,305.92777777777775,1950
141,1959,10,286.99333930704955,272.0388888888889,304.26111111111106,1950
142,1959,11,277.9015432098764,260.92777777777775,297.0388888888889,1950
143,1959,12,276.4624253285543,263.7055555555555,290.92777777777775,1950
144,1960,1,274.44330943847126,258.15,292.0388888888889,1960
145,1960,2,272.42203065134186,262.0388888888889,288.15,1960
146,1960,3,272.04560931899687,256.4833333333333,297.0388888888889,1960
147,1960,4,287.59367283950655,269.81666666666666,303.7055555555555,1960
148,1960,5,288.8683393070493,275.3722222222222,303.7055555555555,1960
149,1960,6,294.6152777777782,284.26111111111106,305.3722222222222,1960
150,1960,7,296.510215053764,285.3722222222222,307.0388888888889,1960
151,1960,8,297.3039725209084,288.7055555555555,305.92777777777775,1960
152,1960,9,294.21712962963005,282.59444444444443,307.0388888888889,1960
153,1960,10,287.0179808841107,270.92777777777775,300.92777777777775,1960
154,1960,11,280.59984567901273,268.15,295.3722222222222,1960
155,1960,12,271.3623655913983,253.70555555555552,289.81666666666666,1960
156,1961,1,270.7575268817211,253.70555555555552,287.0388888888889,1960
157,1961,2,276.5899801587301,260.3722222222222,294.26111111111106,1960
158,1961,3,281.09877538829187,268.7055555555555,295.92777777777775,1960
159,1961,4,282.12453703703784,268.15,299.81666666666666,1960
160,1961,5,288.4023894862607,273.7055555555555,302.0388888888889,1960
161,1961,6,294.09521604938305,281.4833333333333,307.0388888888889,1960
162,1961,7,296.78799283154143,285.92777777777775,307.59444444444443,1960
163,1961,8,296.1734468339311,286.4833333333333,305.92777777777775,1960
164,1961,9,294.8891975308647,279.26111111111106,305.92777777777775,1960
165,1961,10,287.3211469534057,272.59444444444443,302.59444444444443,1960
166,1961,11,279.9995370370373,265.92777777777775,299.26111111111106,1960
167,1961,12,273.99122688317567,255.3722222222222,292.0388888888889,1960
168,1962,1,271.1002688172045,250.3722222222222,291.4833333333333,1960
169,1962,2,274.3991732804239,256.4833333333333,293.7055555555555,1960
170,1962,3,277.7639486260458,262.59444444444443,297.0388888888889,1960
171,1962,4,284.30817901234644,270.3722222222222,302.0388888888889,1960
172,1962,5,293.1865890083638,279.81666666666666,305.92777777777775,1960
173,1962,6,295.3328703703708,283.7055555555555,305.92777777777775,1960
174,1962,7,296.28097371565167,282.59444444444443,305.3722222222222,1960
175,1962,8,296.8671445639192,285.3722222222222,311.4833333333333,1960
176,1962,9,290.50725308642023,274.81666666666666,305.3722222222222,1960
177,1962,10,286.4557048984469,264.81666666666666,301.4833333333333,1960
178,1962,11,279.2271604938275,266.4833333333333,292.0388888888889,1960
179,1962,12,271.1727001194747,253.70555555555552,292.0388888888889,1960
180,1963,1,267.6930107526888,245.92777777777775,285.3722222222222,1960
181,1963,2,269.1337962962968,249.81666666666663,286.4833333333333,1960
182,1963,3,280.1295400238949,267.0388888888889,298.15,1960
183,1963,4,285.2773148148154,269.81666666666666,300.3722222222222,1960
184,1963,5,288.3187574671453,270.3722222222222,303.7055555555555,1960
185,1963,6,293.60216049382757,280.3722222222222,305.3722222222222,1960
186,1963,7,295.15418160095624,282.0388888888889,305.3722222222222,1960
187,1963,8,294.46048387096863,282.59444444444443,309.81666666666666,1960
188,1963,9,291.521141975309,274.81666666666666,305.3722222222222,1960
189,1963,10,289.54336917562796,269.26111111111106,303.7055555555555,1960
190,1963,11,280.491820987655,264.81666666666666,293.15,1960
191,1963,12,268.05890083632073,250.92777777777775,287.59444444444443,1960
192,1964,1,273.3433990442059,249.2611111111111,289.81666666666666,1960
193,1964,2,272.2360472541512,260.3722222222222,285.3722222222222,1960
194,1964,3,278.89846717511637,264.26111111111106,294.81666666666666,1960
195,1964,4,286.54120370370407,265.92777777777775,301.4833333333333,1960
196,1964,5,292.20689964157776,279.81666666666666,305.92777777777775,1960
197,1964,6,295.5157407407412,281.4833333333333,307.59444444444443,1960
198,1964,7,296.33847072879354,284.81666666666666,307.59444444444443,1960
199,1964,8,295.9964755077664,282.0388888888889,310.92777777777775,1960
200,1964,9,292.60601851851874,276.4833333333333,309.26111111111106,1960
201,1964,10,284.2947132616496,269.81666666666666,301.4833333333333,1960
202,1964,11,281.5983024691361,259.81666666666666,298.15,1960
203,1964,12,275.5850358422941,257.0388888888889,293.7055555555555,1960
204,1965,1,272.7818697729991,250.92777777777775,290.92777777777775,1960
205,1965,2,273.5782407407413,250.3722222222222,291.4833333333333,1960
206,1965,3,275.86654719235383,263.15,293.7055555555555,1960
207,1965,4,284.84135802469194,270.3722222222222,299.81666666666666,1960
208,1965,5,292.78784348865037,274.81666666666666,303.15,1960
209,1965,6,294.75879629629674,281.4833333333333,304.81666666666666,1960
210,1965,7,295.8045698924738,284.26111111111106,309.26111111111106,1960
211,1965,8,295.0399342891288,279.81666666666666,307.59444444444443,1960
212,1965,9,292.54660493827186,275.92777777777775,303.7055555555555,1960
213,1965,10,284.9234468339314,270.3722222222222,298.15,1960
214,1965,11,280.00339506172907,266.4833333333333,294.26111111111106,1960
215,1965,12,276.6281959378732,266.4833333333333,289.81666666666666,1960
216,1966,1,280.65000000000003,280.3722222222222,282.59444444444443,1960
217,1966,2,,,,1960
218,1966,3,,,,1960
219,1966,4,,,,1960
220,1966,5,,,,1960
221,1966,6,,,,1960
222,1966,7,,,,1960
223,1966,8,,,,1960
224,1966,9,,,,1960
225,1966,10,,,,1960
226,1966,11,,,,1960
227,1966,12,,,,1960
228,1967,1,,,,1960
229,1967,2,,,,1960
230,1967,3,,,,1960
231,1967,4,,,,1960
232,1967,5,,,,1960
233,1967,6,,,,1960
234,1967,7,,,,1960
235,1967,8,,,,1960
236,1967,9,,,,1960
237,1967,10,,,,1960
238,1967,11,,,,1960
239,1967,12,,,,1960
240,1968,1,,,,1960
241,1968,2,,,,1960
242,1968,3,,,,1960
243,1968,4,,,,1960
244,1968,5,,,,1960
245,1968,6,,,,1960
246,1968,7,,,,1960
247,1968,8,,,,1960
248,1968,9,,,,1960
249,1968,10,,,,1960
250,1968,11,,,,1960
251,1968,12,,,,1960
252,1969,1,,,,1960
253,1969,2,,,,1960
254,1969,3,,,,1960
255,1969,4,,,,1960
256,1969,5,,,,1960
257,1969,6,,,,1960
258,1969,7,,,,1960
259,1969,8,,,,1960
260,1969,9,,,,1960
261,1969,10,,,,1960
262,1969,11,,,,1960
263,1969,12,,,,1960
264,1970,1,,,,1970
265,1970,2,,,,1970
266,1970,3,,,,1970
267,1970,4,,,,1970
268,1970,5,,,,1970
269,1970,6,,,,1970
270,1970,7,,,,1970
271,1970,8,,,,1970
272,1970,9,,,,1970
273,1970,10,,,,1970
274,1970,11,,,,1970
275,1970,12,,,,1970
276,1971,1,,,,1970
277,1971,2,,,,1970
278,1971,3,,,,1970
279,1971,4,,,,1970
280,1971,5,,,,1970
281,1971,6,,,,1970
282,1971,7,,,,1970
283,1971,8,,,,1970
284,1971,9,,,,1970
285,1971,10,,,,1970
286,1971,11,,,,1970
287,1971,12,,,,1970
288,1972,1,,,,1970
289,1972,2,,,,1970
290,1972,3,,,,1970
291,1972,4,,,,1970
292,1972,5,,,,1970
293,1972,6,,,,1970
294,1972,7,,,,1970
295,1972,8,,,,1970
296,1972,9,,,,1970
297,1972,10,,,,1970
298,1972,11,,,,1970
299,1972,12,,,,1970
300,1973,1,272.9046607009702,258.15,290.3722222222222,1970
301,1973,2,273.3583333333338,257.59444444444443,287.59444444444443,1970
302,1973,3,283.2499254287847,268.7055555555555,296.4833333333333,1970
303,1973,4,283.63466635845276,270.3722222222222,299.26111111111106,1970
304,1973,5,287.7915770609322,274.81666666666666,298.15,1970
305,1973,6,295.32283950617324,282.0388888888889,304.81666666666666,1970
306,1973,7,296.4855734767036,286.4833333333333,305.3722222222222,1970
307,1973,8,295.80889038432855,284.26111111111106,305.3722222222222,1970
308,1973,9,293.58535213438216,277.0388888888889,305.92777777777775,1970
309,1973,10,287.6496271439232,272.59444444444443,301.4833333333333,1970
310,1973,11,280.86604938271626,265.3722222222222,292.59444444444443,1970
311,1973,12,274.0295055108734,260.3722222222222,289.81666666666666,1970
312,1974,1,275.24876543209893,259.81666666666666,289.81666666666666,1970
313,1974,2,273.9196759259262,260.3722222222222,289.81666666666666,1970
314,1974,3,280.73612975391495,261.4833333333333,299.26111111111106,1970
315,1974,4,285.8197530864202,272.0388888888889,300.3722222222222,1970
316,1974,5,289.84952210274844,273.15,302.59444444444443,1970
317,1974,6,293.00591000154174,282.59444444444443,303.7055555555555,1970
318,1974,7,296.8968221923142,287.59444444444443,305.92777777777775,1970
319,1974,8,296.23542413381233,285.3722222222222,304.81666666666666,1970
320,1974,9,289.5566358024698,275.92777777777775,302.0388888888889,1970
321,1974,10,284.64044205495884,268.7055555555555,299.26111111111106,1970
322,1974,11,279.7689596799022,267.59444444444443,295.3722222222222,1970
323,1974,12,274.6693204029473,262.0388888888889,287.0388888888889,1970
324,1975,1,274.44405615292686,258.7055555555555,292.0388888888889,1970
325,1975,2,275.7169642857146,259.26111111111106,290.92777777777775,1970
326,1975,3,277.24992542878516,263.7055555555555,295.92777777777775,1970
327,1975,4,283.34956850053965,269.26111111111106,298.7055555555555,1970
328,1975,5,292.7803763440864,278.15,305.92777777777775,1970
329,1975,6,295.3429824561403,283.7055555555555,307.59444444444443,1970
330,1975,7,296.41519916142624,282.59444444444443,305.92777777777775,1970
331,1975,8,297.44286140979744,287.0388888888889,307.0388888888889,1970
332,1975,9,289.7719135802477,277.0388888888889,305.92777777777775,1970
333,1975,10,287.0814516129038,273.15,303.15,1970
334,1975,11,282.64382716049454,268.7055555555555,299.26111111111106,1970
335,1975,12,276.2183183183188,262.0388888888889,293.15,1970
336,1976,1,270.7401102174563,254.81666666666663,286.4833333333333,1970
337,1976,2,278.7598339719031,257.0388888888889,294.26111111111106,1970
338,1976,3,281.70033557046946,263.7055555555555,298.7055555555555,1970
339,1976,4,286.8976851851859,270.92777777777775,304.26111111111106,1970
340,1976,5,288.745131421745,273.15,302.59444444444443,1970
341,1976,6,295.0046771459396,284.26111111111106,307.0388888888889,1970
342,1976,7,296.2044369873232,283.7055555555555,307.0388888888889,1970
343,1976,8,294.86146953405046,283.15,304.81666666666666,1970
344,1976,9,290.7389967637549,275.3722222222222,302.0388888888889,1970
345,1976,10,282.6108721624856,266.4833333333333,298.7055555555555,1970
346,1976,11,274.9895061728398,256.4833333333333,288.7055555555555,1970
347,1976,12,270.8058265582662,254.2611111111111,287.0388888888889,1970
348,1977,1,262.51678614098023,241.48333333333332,274.26111111111106,1970
349,1977,2,271.9264550264553,250.92777777777775,293.15,1970
350,1977,3,281.50125448028723,259.81666666666666,299.81666666666666,1970
351,1977,4,286.833641975309,270.3722222222222,301.4833333333333,1970
352,1977,5,293.34638590203167,275.3722222222222,304.26111111111106,1970
353,1977,6,293.42083333333335,279.26111111111106,303.15,1970
354,1977,7,298.52136465324406,286.4833333333333,307.59444444444443,1970
355,1977,8,296.2447054436989,283.15,306.4833333333333,1970
356,1977,9,293.8799382716053,280.92777777777775,305.92777777777775,1970
357,1977,10,284.21780167264046,268.15,298.7055555555555,1970
358,1977,11,280.5203703703711,262.59444444444443,296.4833333333333,1970
359,1977,12,271.0886558412276,252.59444444444443,288.15,1970
360,1978,1,265.96287335722826,251.48333333333332,285.3722222222222,1970
361,1978,2,266.0873346560855,250.3722222222222,274.81666666666666,1970
362,1978,3,275.7134707287937,253.70555555555552,299.26111111111106,1970
363,1978,4,285.1441439358915,271.4833333333333,299.81666666666666,1970
364,1978,5,289.0632317801674,275.3722222222222,304.26111111111106,1970
365,1978,6,295.58007263174227,281.4833333333333,306.4833333333333,1970
366,1978,7,296.8452295498731,287.59444444444443,307.59444444444443,1970
367,1978,8,295.7281366831165,286.4833333333333,305.3722222222222,1970
368,1978,9,294.2989197530869,279.26111111111106,305.92777777777775,1970
369,1978,10,284.3215949820792,272.0388888888889,298.15,1970
370,1978,11,280.9385802469138,269.26111111111106,295.3722222222222,1970
371,1978,12,275.16314217443283,259.81666666666666,290.3722222222222,1970
372,1979,1,267.3823775388294,252.03888888888886,287.0388888888889,1970
373,1979,2,267.75152116402205,250.92777777777775,289.26111111111106,1970
374,1979,3,281.1181899641585,263.15,298.7055555555555,1970
375,1979,4,283.5990740740744,268.7055555555555,299.81666666666666,1970
376,1979,5,288.99041759880737,273.7055555555555,302.59444444444443,1970
377,1979,6,293.980636461705,282.59444444444443,304.26111111111106,1970
378,1979,7,296.07040023894945,284.81666666666666,304.26111111111106,1970
379,1979,8,295.24005376344155,282.59444444444443,306.4833333333333,1970
380,1979,9,291.86219135802537,280.92777777777775,303.15,1970
381,1979,10,285.3139784946238,270.3722222222222,300.92777777777775,1970
382,1979,11,279.6608024691361,269.81666666666666,293.7055555555555,1970
383,1979,12,275.42484588783697,260.92777777777775,289.26111111111106,1970
384,1980,1,272.2001792114702,261.4833333333333,285.92777777777775,1980
385,1980,2,269.28346104725415,254.2611111111111,285.92777777777775,1980
386,1980,3,276.7857526881723,249.81666666666663,292.59444444444443,1980
387,1980,4,283.5736111111114,268.15,302.0388888888889,1980
388,1980,5,291.76708482676304,274.26111111111106,303.7055555555555,1980
389,1980,6,294.6453703703709,281.4833333333333,305.92777777777775,1980
390,1980,7,298.0066308243735,286.4833333333333,308.7055555555555,1980
391,1980,8,297.53612232690335,289.81666666666666,307.0388888888889,1980
392,1980,9,292.9707386802661,278.15,304.81666666666666,1980
393,1980,10,283.4367383512548,268.7055555555555,300.3722222222222,1980
394,1980,11,278.42469135802577,266.4833333333333,294.81666666666666,1980
395,1980,12,273.8551571192302,255.3722222222222,292.59444444444443,1980
396,1981,1,269.1125149342893,253.70555555555552,288.7055555555555,1980
397,1981,2,274.1346230158734,250.3722222222222,289.81666666666666,1980
398,1981,3,277.9558542413384,266.4833333333333,301.4833333333333,1980
399,1981,4,287.80663580246977,272.0388888888889,302.0388888888889,1980
400,1981,5,288.6390979689372,277.0388888888889,303.7055555555555,1980
401,1981,6,295.8969135802474,284.81666666666666,305.3722222222222,1980
402,1981,7,297.20839307049005,285.92777777777775,308.15,1980
403,1981,8,295.7649940262844,285.92777777777775,305.92777777777775,1980
404,1981,9,291.30046296296337,277.59444444444443,303.15,1980
405,1981,10,285.33712664277226,266.4833333333333,300.3722222222222,1980
406,1981,11,279.64691358024714,267.0388888888889,296.4833333333333,1980
407,1981,12,271.5809309309315,252.03888888888886,288.15,1980
408,1982,1,268.8115890083638,245.3722222222222,287.59444444444443,1980
409,1982,2,272.26706349206364,250.3722222222222,290.3722222222222,1980
410,1982,3,279.81293309438496,265.3722222222222,298.7055555555555,1980
411,1982,4,283.3984567901241,267.59444444444443,300.3722222222222,1980
412,1982,5,292.9909498207888,279.26111111111106,303.7055555555555,1980
413,1982,6,292.9378086419757,282.59444444444443,303.15,1980
414,1982,7,297.98945639187633,285.92777777777775,307.0388888888889,1980
415,1982,8,294.9270320656232,284.26111111111106,305.92777777777775,1980
416,1982,9,292.3216751425489,278.7055555555555,304.81666666666666,1980
417,1982,10,288.1500000000004,273.15,303.15,1980
418,1982,11,282.3814814814822,266.4833333333333,299.81666666666666,1980
419,1982,12,279.4964140730723,263.7055555555555,297.0388888888889,1980
420,1983,1,272.99094982078844,259.81666666666666,283.7055555555555,1980
421,1983,2,274.85882936507994,262.0388888888889,292.59444444444443,1980
422,1983,3,279.8801373954603,265.92777777777775,298.7055555555555,1980
423,1983,4,282.8930555555559,268.7055555555555,299.81666666666666,1980
424,1983,5,288.3267337807612,274.81666666666666,299.26111111111106,1980
425,1983,6,295.3027777777779,280.92777777777775,307.0388888888889,1980
426,1983,7,299.2461567219985,284.81666666666666,310.92777777777775,1980
427,1983,8,298.4543218184544,285.92777777777775,310.92777777777775,1980
428,1983,9,292.7379629629631,274.81666666666666,307.0388888888889,1980
429,1983,10,286.24961170848354,272.0388888888889,302.0388888888889,1980
430,1983,11,280.16543209876585,269.26111111111106,293.15,1980
431,1983,12,269.10399188092066,248.70555555555552,283.15,1980
432,1984,1,268.80697240865055,244.2611111111111,282.59444444444443,1980
433,1984,2,276.3964530527659,258.7055555555555,293.15,1980
434,1984,3,274.62774790920014,256.4833333333333,295.92777777777775,1980
435,1984,4,283.8058641975311,271.4833333333333,300.92777777777775,1980
436,1984,5,288.5883213859022,275.3722222222222,301.4833333333333,1980
437,1984,6,296.8462552011102,280.92777777777775,306.4833333333333,1980
438,1984,7,295.75402684563795,283.7055555555555,306.4833333333333,1980
439,1984,8,296.4504778972522,285.3722222222222,304.81666666666666,1980
440,1984,9,291.6156817482305,278.7055555555555,307.0388888888889,1980
441,1984,10,289.3820788530469,274.26111111111106,299.26111111111106,1980
442,1984,11,278.7571813838813,266.4833333333333,294.81666666666666,1980
443,1984,12,278.9017666516314,256.4833333333333,292.59444444444443,1980
444,1985,1,268.44047192353696,244.2611111111111,291.4833333333333,1980
445,1985,2,271.97192460317524,250.92777777777775,295.3722222222222,1980
446,1985,3,281.8196495152877,268.15,298.7055555555555,1980
447,1985,4,287.81404684851293,269.26111111111106,302.59444444444443,1980
448,1985,5,291.8014336917566,278.7055555555555,303.15,1980
449,1985,6,294.2372245338267,280.3722222222222,303.15,1980
450,1985,7,296.9866188769417,287.59444444444443,305.92777777777775,1980
451,1985,8,295.36475507765897,286.4833333333333,305.92777777777775,1980
452,1985,9,292.8212962962967,277.59444444444443,305.92777777777775,1980
453,1985,10,288.1971063257069,274.81666666666666,301.4833333333333,1980
454,1985,11,282.8884259259257,269.26111111111106,295.92777777777775,1980
455,1985,12,270.29253495714977,254.2611111111111,287.0388888888889,1980
456,1986,1,272.35549581839905,255.3722222222222,287.59444444444443,1980
457,1986,2,275.0250000000005,256.4833333333333,291.4833333333333,1980
458,1986,3,280.33563321385935,262.0388888888889,300.92777777777775,1980
459,1986,4,286.21712962962994,268.7055555555555,303.15,1980
460,1986,5,291.31405667412366,273.15,302.59444444444443,1980
461,1986,6,295.7647426981924,282.59444444444443,307.0388888888889,1980
462,1986,7,298.3478793309445,284.26111111111106,307.59444444444443,1980
463,1986,8,295.2077239419777,279.81666666666666,305.3722222222222,1980
464,1986,9,294.04429012345713,281.4833333333333,304.26111111111106,1980
465,1986,10,286.46839904420585,273.15,301.4833333333333,1980
466,1986,11,279.208641975309,262.0388888888889,295.3722222222222,1980
467,1986,12,274.1235378138628,263.15,287.59444444444443,1980
468,1987,1,272.21959378733607,255.3722222222222,286.4833333333333,1980
469,1987,2,275.93852513227574,263.15,287.0388888888889,1980
470,1987,3,280.19898446834026,266.4833333333333,298.15,1980
471,1987,4,284.9779320987658,268.7055555555555,302.59444444444443,1980
472,1987,5,293.767616270376,277.59444444444443,305.3722222222222,1980
473,1987,6,296.37685185185234,283.7055555555555,306.4833333333333,1980
474,1987,7,297.31965352449294,285.92777777777775,306.4833333333333,1980
475,1987,8,296.8902927120673,284.26111111111106,308.15,1980
476,1987,9,292.82901234567964,279.81666666666666,303.7055555555555,1980
477,1987,10,282.928225806452,268.7055555555555,298.15,1980
478,1987,11,281.9339506172842,264.81666666666666,299.81666666666666,1980
479,1987,12,275.9398060442045,263.15,288.7055555555555,1980
480,1988,1,270.8127837514938,253.70555555555552,289.26111111111106,1980
481,1988,2,272.4084610472544,254.81666666666663,291.4833333333333,1980
482,1988,3,278.8399641577065,265.3722222222222,298.15,1980
483,1988,4,284.8027777777779,270.92777777777775,302.0388888888889,1980
484,1988,5,291.3502392702262,277.59444444444443,305.92777777777775,1980
485,1988,6,295.97716049382757,279.26111111111106,311.4833333333333,1980
486,1988,7,299.01544205495816,282.59444444444443,312.0388888888889,1980
487,1988,8,298.2157108721629,284.26111111111106,310.92777777777775,1980
488,1988,9,292.54583333333335,278.7055555555555,302.59444444444443,1980
489,1988,10,282.2905316606933,268.7055555555555,297.0388888888889,1980
490,1988,11,280.5535493827159,268.7055555555555,293.7055555555555,1980
491,1988,12,274.21374981205867,259.81666666666666,290.92777777777775,1980
492,1989,1,276.6483572281965,265.92777777777775,290.92777777777775,1980
493,1989,2,272.2811177248683,258.15,292.0388888888889,1980
494,1989,3,280.16015531660685,265.3722222222222,299.26111111111106,1980
495,1989,4,284.6536315870816,268.15,302.0388888888889,1980
496,1989,5,288.8631123058542,274.26111111111106,303.7055555555555,1980
497,1989,6,294.9185185185187,283.15,305.92777777777775,1980
498,1989,7,297.64895459976157,286.4833333333333,308.15,1980
499,1989,8,295.9300179211479,282.59444444444443,304.81666666666666,1980
500,1989,9,291.9655864197537,277.59444444444443,303.7055555555555,1980
501,1989,10,286.1697132616497,272.59444444444443,302.0388888888889,1980
502,1989,11,279.7449074074076,265.92777777777775,295.3722222222222,1980
503,1989,12,267.61474214403887,244.2611111111111,284.81666666666666,1980
504,1990,1,277.41224611708526,264.26111111111106,290.3722222222222,1990
505,1990,2,278.1384259259259,260.3722222222222,293.15,1990
506,1990,3,281.98064516129085,266.4833333333333,299.26111111111106,1990
507,1990,4,285.04429012345724,268.15,303.15,1990
508,1990,5,289.3678912783751,277.0388888888889,299.26111111111106,1990
509,1990,6,295.37299382716066,279.81666666666666,304.81666666666666,1990
510,1990,7,296.86167937789793,286.4833333333333,308.7055555555555,1990
511,1990,8,296.00618279569943,284.26111111111106,306.4833333333333,1990
512,1990,9,292.6754629629632,276.4833333333333,305.92777777777775,1990
513,1990,10,286.1308841099172,272.59444444444443,299.81666666666666,1990
514,1990,11,282.3089506172844,268.15,297.0388888888889,1990
515,1990,12,276.5720417982264,258.7055555555555,290.3722222222222,1990
516,1991,1,272.63028673835186,256.4833333333333,283.7055555555555,1990
517,1991,2,276.01954365079393,257.0388888888889,290.3722222222222,1990
518,1991,3,280.6059438470734,267.59444444444443,296.4833333333333,1990
519,1991,4,287.00108024691406,273.15,298.7055555555555,1990
520,1991,5,294.0542712066907,277.0388888888889,304.26111111111106,1990
521,1991,6,297.0234567901238,285.3722222222222,307.0388888888889,1990
522,1991,7,298.4449522102753,287.59444444444443,308.7055555555555,1990
523,1991,8,296.58876177658186,287.0388888888889,309.81666666666666,1990
524,1991,9,293.2094135802475,277.0388888888889,307.0388888888889,1990
525,1991,10,287.54590800477933,273.7055555555555,300.92777777777775,1990
526,1991,11,278.51728395061787,263.7055555555555,293.15,1990
527,1991,12,276.0615922417683,261.4833333333333,289.81666666666666,1990
528,1992,1,273.7033154121873,253.70555555555552,285.92777777777775,1990
529,1992,2,277.1913473818652,265.92777777777775,292.0388888888889,1990
530,1992,3,279.4530167264043,264.26111111111106,298.7055555555555,1990
531,1992,4,285.08827160493894,268.7055555555555,299.26111111111106,1990
532,1992,5,289.13790322580644,275.92777777777775,302.0388888888889,1990
533,1992,6,293.08904320987665,279.81666666666666,303.7055555555555,1990
534,1992,7,295.850762673845,285.92777777777775,304.81666666666666,1990
535,1992,8,293.70107526881714,282.0388888888889,303.7055555555555,1990
536,1992,9,291.16620370370396,275.92777777777775,302.59444444444443,1990
537,1992,10,284.83682795698974,269.26111111111106,300.3722222222222,1990
538,1992,11,279.80046296296274,267.59444444444443,293.15,1990
539,1992,12,275.14969929333955,260.92777777777775,288.7055555555555,1990
540,1993,1,274.5190743233144,263.15,290.3722222222222,1990
541,1993,2,271.7991402116406,254.2611111111111,290.92777777777775,1990
542,1993,3,277.44435483870996,260.92777777777775,293.7055555555555,1990
543,1993,4,284.26265432098825,273.15,297.0388888888889,1990
544,1993,5,290.7911290322583,278.7055555555555,303.7055555555555,1990
545,1993,6,294.703855663731,278.7055555555555,304.81666666666666,1990
546,1993,7,298.9011947431312,283.7055555555555,309.81666666666666,1990
547,1993,8,297.28007765830415,285.3722222222222,306.4833333333333,1990
548,1993,9,290.8421296296302,272.59444444444443,303.7055555555555,1990
549,1993,10,284.91536563481424,272.59444444444443,299.81666666666666,1990
550,1993,11,279.5574074074075,267.59444444444443,292.59444444444443,1990
551,1993,12,273.9527180406216,257.0388888888889,287.0388888888889,1990
552,1994,1,268.55023894862654,243.14999999999998,283.7055555555555,1990
553,1994,2,273.5112764550272,257.0388888888889,293.7055555555555,1990
554,1994,3,278.67494026284385,264.26111111111106,296.4833333333333,1990
555,1994,4,286.2533950617287,270.92777777777775,301.4833333333333,1990
556,1994,5,288.73019713261675,272.59444444444443,303.7055555555555,1990
557,1994,6,296.56987328079157,283.15,308.7055555555555,1990
558,1994,7,296.9537634408611,286.4833333333333,308.15,1990
559,1994,8,295.24752090800564,283.7055555555555,304.81666666666666,1990
560,1994,9,291.71635802469183,280.3722222222222,304.26111111111106,1990
561,1994,10,287.05755675029906,272.0388888888889,302.59444444444443,1990
562,1994,11,282.9177469135802,267.59444444444443,295.3722222222222,1990
563,1994,12,277.32861409796914,267.0388888888889,287.59444444444443,1990
564,1995,1,272.81173835125463,256.4833333333333,291.4833333333333,1990
565,1995,2,272.83088624338643,253.14999999999998,290.92777777777775,1990
566,1995,3,280.85385304659553,265.92777777777775,297.0388888888889,1990
567,1995,4,285.12608024691394,267.59444444444443,299.81666666666666,1990
568,1995,5,290.0668160095584,278.15,301.4833333333333,1990
569,1995,6,295.4332637923045,283.7055555555555,305.3722222222222,1990
570,1995,7,297.6579151732385,285.3722222222222,308.7055555555555,1990
571,1995,8,298.96317204301124,288.7055555555555,308.15,1990
572,1995,9,291.82706393544413,277.0388888888889,305.3722222222222,1990
573,1995,10,286.42139848879,272.0388888888889,298.7055555555555,1990
574,1995,11,277.1943640262704,263.7055555555555,294.26111111111106,1990
575,1995,12,271.9948902968443,256.4833333333333,291.4833333333333,1990
576,1996,1,271.01734911494987,254.81666666666663,292.59444444444443,1990
577,1996,2,274.272761834683,249.2611111111111,294.81666666666666,1990
578,1996,3,275.9397068847993,259.81666666666666,293.15,1990
579,1996,4,282.8960658082979,266.4833333333333,299.26111111111106,1990
580,1996,5,289.9362235384448,273.15,303.7055555555555,1990
581,1996,6,294.459211348582,283.15,305.3722222222222,1990
582,1996,7,295.37414900449613,285.3722222222222,304.26111111111106,1990
583,1996,8,296.20218446602007,286.4833333333333,305.92777777777775,1990
584,1996,9,291.28803564656863,279.26111111111106,303.7055555555555,1990
585,1996,10,286.2542446941332,272.59444444444443,298.7055555555555,1990
586,1996,11,276.9759381493714,264.81666666666666,295.92777777777775,1990
587,1996,12,276.6771720318456,260.3722222222222,291.4833333333333,1990
588,1997,1,271.4559918557307,254.2611111111111,292.0388888888889,1990
589,1997,2,276.40377396980847,265.92777777777775,293.15,1990
590,1997,3,280.5032494758912,264.26111111111106,295.92777777777775,1990
591,1997,4,282.70527318932733,263.7055555555555,298.15,1990
592,1997,5,287.48900604266936,273.7055555555555,301.4833333333333,1990
593,1997,6,293.2288530465955,282.59444444444443,304.81666666666666,1990
594,1997,7,296.98221299591444,284.26111111111106,309.26111111111106,1990
595,1997,8,294.9856686332356,282.0388888888889,305.92777777777775,1990
596,1997,9,291.861248285323,278.15,304.26111111111106,1990
597,1997,10,286.21384742951955,268.15,302.0388888888889,1990
598,1997,11,278.49367511666094,264.81666666666666,292.0388888888889,1990
599,1997,12,275.0343537414973,265.92777777777775,288.15,1990
600,1998,1,277.26674888419086,260.3722222222222,290.92777777777775,1990
601,1998,2,277.7281653746771,266.4833333333333,293.15,1990
602,1998,3,278.79907038512647,259.26111111111106,299.81666666666666,1990
603,1998,4,285.09596902061287,272.0388888888889,295.3722222222222,1990
604,1998,5,292.0793598234,279.26111111111106,303.7055555555555,1990
605,1998,6,294.16508916323716,278.15,306.4833333333333,1990
606,1998,7,296.50326357747923,287.59444444444443,305.92777777777775,1990
607,1998,8,296.7988259215532,286.4833333333333,305.92777777777775,1990
608,1998,9,294.98457439042295,279.81666666666666,307.59444444444443,1990
609,1998,10,286.5893358876122,271.4833333333333,301.4833333333333,1990
610,1998,11,281.25392482034334,268.15,293.7055555555555,1990
611,1998,12,277.2015052593403,260.3722222222222,295.3722222222222,1990
612,1999,1,272.96667223893934,251.48333333333332,292.59444444444443,1990
613,1999,2,276.22630522088355,263.15,295.92777777777775,1990
614,1999,3,276.3552797478335,264.26111111111106,294.81666666666666,1990
615,1999,4,286.18803219107014,275.3722222222222,298.15,1990
616,1999,5,291.1338816224076,276.4833333333333,302.0388888888889,1990
617,1999,6,295.55245478036215,283.15,307.0388888888889,1990
618,1999,7,299.0171262503386,287.0388888888889,310.92777777777775,1990
619,1999,8,295.5017460317467,285.92777777777775,306.4833333333333,1990
620,1999,9,292.45120984564085,275.3722222222222,307.0388888888889,1990
621,1999,10,286.1338342440805,270.92777777777775,298.15,1990
622,1999,11,282.1646294281228,265.92777777777775,298.15,1990
623,1999,12,275.2242869306091,255.92777777777775,290.3722222222222,1990
624,2000,1,272.1377675840978,253.14999999999998,290.3722222222222,2000
625,2000,2,277.3251527494911,262.0388888888889,296.4833333333333,2000
626,2000,3,281.57140921409274,268.15,298.15,2000
627,2000,4,284.4111437268977,268.7055555555555,298.15,2000
628,2000,5,291.69159904792787,277.59444444444443,302.59444444444443,2000
629,2000,6,295.0012639623757,280.92777777777775,305.3722222222222,2000
630,2000,7,295.81137040714975,286.4833333333333,303.15,2000
631,2000,8,295.4217049032839,287.0388888888889,304.81666666666666,2000
632,2000,9,291.21538591169514,278.15,304.81666666666666,2000
633,2000,10,287.34811875367444,272.0388888888889,300.3722222222222,2000
634,2000,11,278.9103844833505,263.7055555555555,298.15,2000
635,2000,12,268.9006584723438,254.81666666666663,285.3722222222222,2000
636,2001,1,272.1826415910069,257.0388888888889,284.26111111111106,2000
637,2001,2,275.88326210826256,262.0388888888889,292.59444444444443,2000
638,2001,3,277.40794854510784,264.26111111111106,288.15,2000
639,2001,4,287.3024912534691,269.81666666666666,302.59444444444443,2000
640,2001,5,291.0771206690561,279.81666666666666,302.59444444444443,2000
641,2001,6,294.0219830942059,281.4833333333333,305.3722222222222,2000
642,2001,7,296.6014352293186,284.81666666666666,305.3722222222222,2000
643,2001,8,296.5283783783786,286.4833333333333,305.3722222222222,2000
644,2001,9,291.07719079805514,277.0388888888889,302.59444444444443,2000
645,2001,10,286.27721251570193,270.92777777777775,298.7055555555555,2000
646,2001,11,283.27683101107544,270.92777777777775,294.81666666666666,2000
647,2001,12,277.5933821967282,261.4833333333333,293.7055555555555,2000
648,2002,1,276.5139501224675,260.92777777777775,292.0388888888889,2000
649,2002,2,275.57647963578245,263.15,290.3722222222222,2000
650,2002,3,278.6352941176473,259.81666666666666,294.26111111111106,2000
651,2002,4,286.3428996741942,270.92777777777775,301.4833333333333,2000
652,2002,5,288.92231695085326,273.15,302.0388888888889,2000
653,2002,6,295.53631036099415,283.15,305.3722222222222,2000
654,2002,7,298.59518849206387,289.81666666666666,307.0388888888889,2000
655,2002,8,298.06020671834665,288.7055555555555,309.26111111111106,2000
656,2002,9,295.1255291005298,280.92777777777775,308.15,2000
657,2002,10,285.2816634553633,275.3722222222222,300.92777777777775,2000
658,2002,11,278.49722222222283,267.0388888888889,296.4833333333333,2000
659,2002,12,274.46108539094723,265.3722222222222,286.4833333333333,2000
660,2003,1,269.1125771604943,249.81666666666663,284.26111111111106,2000
661,2003,2,271.35020149683425,256.4833333333333,287.0388888888889,2000
662,2003,3,280.48307702165897,262.0388888888889,295.92777777777775,2000
663,2003,4,286.35558882235574,273.15,300.3722222222222,2000
664,2003,5,289.800628688735,277.59444444444443,299.81666666666666,2000
665,2003,6,293.23449767132485,280.92777777777775,303.15,2000
666,2003,7,296.52329208558984,285.92777777777775,305.3722222222222,2000
667,2003,8,296.64820374647206,289.26111111111106,305.3722222222222,2000
668,2003,9,291.35869795810163,277.0388888888889,300.92777777777775,2000
669,2003,10,286.0373510188392,274.26111111111106,298.7055555555555,2000
670,2003,11,282.24440466719784,268.15,298.15,2000
671,2003,12,274.9178525393147,262.59444444444443,289.26111111111106,2000
672,2004,1,270.8376876876882,248.70555555555552,292.59444444444443,2000
673,2004,2,274.18037766830884,262.0388888888889,290.92777777777775,2000
674,2004,3,280.4835878834162,265.92777777777775,298.15,2000
675,2004,4,285.40583234480096,270.92777777777775,299.81666666666666,2000
676,2004,5,292.58479938271637,273.15,302.0388888888889,2000
677,2004,6,294.8661520190029,284.81666666666666,303.15,2000
678,2004,7,295.7284954504685,287.59444444444443,304.81666666666666,2000
679,2004,8,294.5452164009117,284.26111111111106,304.81666666666666,2000
680,2004,9,293.4562426383986,280.92777777777775,303.15,2000
681,2004,10,286.7560142711526,275.92777777777775,298.7055555555555,2000
682,2004,11,281.9656352555089,270.3722222222222,293.15,2000
683,2004,12,274.2249134403524,255.3722222222222,290.92777777777775,2000
684,2005,1,274.72237512742214,254.81666666666663,292.0388888888889,2000
685,2005,2,276.44501915708844,263.7055555555555,292.0388888888889,2000
686,2005,3,276.7651368760067,263.7055555555555,297.59444444444443,2000
687,2005,4,285.9625724889818,273.15,299.81666666666666,2000
688,2005,5,289.1922551789084,272.59444444444443,302.59444444444443,2000
689,2005,6,296.8821294206173,283.7055555555555,307.0388888888889,2000
690,2005,7,298.02950411308115,289.26111111111106,308.7055555555555,2000
691,2005,8,298.04457831325254,289.81666666666666,308.7055555555555,2000
692,2005,9,294.3411640784882,279.81666666666666,303.15,2000
693,2005,10,286.2197278911568,271.4833333333333,302.0388888888889,2000
694,2005,11,281.32469000729395,260.92777777777775,297.0388888888889,2000
695,2005,12,272.72819905213373,258.7055555555555,288.15,2000
696,2006,1,278.5435649075929,267.59444444444443,289.81666666666666,2000
697,2006,2,274.39259259259325,258.7055555555555,290.92777777777775,2000
698,2006,3,279.0208414872796,263.7055555555555,294.81666666666666,2000
699,2006,4,287.63817966903105,272.0388888888889,300.3722222222222,2000
700,2006,5,289.3486263431927,278.7055555555555,305.3722222222222,2000
701,2006,6,294.1245762711868,284.81666666666666,305.92777777777775,2000
702,2006,7,297.71796390298874,287.0388888888889,307.59444444444443,2000
703,2006,8,297.9329177602795,287.59444444444443,306.4833333333333,2000
704,2006,9,290.74259259259287,277.0388888888889,301.4833333333333,2000
705,2006,10,284.8081031898951,270.3722222222222,302.59444444444443,2000
706,2006,11,281.23143547274066,266.4833333333333,296.4833333333333,2000
707,2006,12,278.35015146597505,260.3722222222222,292.0388888888889,2000
708,2007,1,275.6014755397113,262.0388888888889,290.92777777777775,2000
709,2007,2,268.7826849988826,255.3722222222222,284.26111111111106,2000
710,2007,3,283.37846811308384,265.3722222222222,300.92777777777775,2000
711,2007,4,284.29932694501525,268.15,302.59444444444443,2000
712,2007,5,293.2073048618656,277.59444444444443,304.81666666666666,2000
713,2007,6,296.44313654907614,284.26111111111106,307.59444444444443,2000
714,2007,7,296.70984242845594,285.3722222222222,305.3722222222222,2000
715,2007,8,300.5582259054636,289.26111111111106,310.92777777777775,2000
716,2007,9,295.6836976320589,281.4833333333333,308.7055555555555,2000
717,2007,10,289.23763693270735,272.0388888888889,305.3722222222222,2000
718,2007,11,280.2908809207611,267.0388888888889,292.59444444444443,2000
719,2007,12,275.79873327640183,263.7055555555555,292.59444444444443,2000
720,2008,1,272.3384531590409,256.4833333333333,292.0388888888889,2000
721,2008,2,273.57828106852475,258.7055555555555,290.92777777777775,2000
722,2008,3,278.24865470852,259.26111111111106,294.26111111111106,2000
723,2008,4,285.78088705989967,273.15,299.81666666666666,2000
724,2008,5,288.9587002096435,275.92777777777775,302.0388888888889,2000
725,2008,6,295.8740331814468,284.26111111111106,305.3722222222222,2000
726,2008,7,296.684136546185,282.0388888888889,305.92777777777775,2000
727,2008,8,296.5818613485279,286.4833333333333,307.0388888888889,2000
728,2008,9,294.39591947769406,284.81666666666666,307.59444444444443,2000
729,2008,10,286.5075129533683,270.92777777777775,302.0388888888889,2000
730,2008,11,278.9067251461991,263.15,296.4833333333333,2000
731,2008,12,274.7535884496773,257.0388888888889,294.26111111111106,2000
732,2009,1,269.9168097281837,252.03888888888886,288.15,2000
733,2009,2,275.4519149180143,252.59444444444443,290.3722222222222,2000
734,2009,3,281.8147072383589,261.4833333333333,298.15,2000
735,2009,4,285.7397867564539,272.59444444444443,302.59444444444443,2000
736,2009,5,291.2341815097546,279.81666666666666,303.15,2000
737,2009,6,295.29975845410615,282.59444444444443,305.92777777777775,2000
738,2009,7,294.014429810809,285.3722222222222,302.0388888888889,2000
739,2009,8,295.267749483077,284.26111111111106,304.81666666666666,2000
740,2009,9,292.8529754473577,280.3722222222222,302.59444444444443,2000
741,2009,10,284.4163938726261,271.4833333333333,299.81666666666666,2000
742,2009,11,281.73490566037793,270.3722222222222,294.81666666666666,2000
743,2009,12,273.8927266408494,264.26111111111106,287.59444444444443,2000
744,2010,1,270.61584699453505,257.59444444444443,283.7055555555555,2010
745,2010,2,270.6545016417763,258.7055555555555,283.15,2010
746,2010,3,280.55285963763396,267.0388888888889,295.92777777777775,2010
747,2010,4,288.15908760450793,273.15,302.0388888888889,2010
748,2010,5,291.9227320508774,275.92777777777775,304.26111111111106,2010
749,2010,6,296.8477420076005,288.15,305.3722222222222,2010
750,2010,7,298.31206016205977,288.15,306.4833333333333,2010
751,2010,8,298.61487728206976,288.15,309.26111111111106,2010
752,2010,9,294.13723723723774,280.92777777777775,307.59444444444443,2010
753,2010,10,287.23813103532615,272.59444444444443,303.15,2010
754,2010,11,280.5085652862646,267.59444444444443,294.81666666666666,2010
755,2010,12,270.3246031746033,255.92777777777775,290.3722222222222,2010
756,2011,1,270.277824203034,251.48333333333332,287.59444444444443,2010
757,2011,2,275.43139381985634,257.59444444444443,292.59444444444443,2010
758,2011,3,279.8517208413003,269.26111111111106,298.15,2010
759,2011,4,286.93683791318216,270.92777777777775,302.59444444444443,2010
760,2011,5,289.8449752300064,274.26111111111106,305.92777777777775,2010
761,2011,6,295.5752346649199,286.4833333333333,306.4833333333333,2010
762,2011,7,299.9797547811803,291.4833333333333,308.7055555555555,2010
763,2011,8,297.22754629629674,287.59444444444443,307.59444444444443,2010
764,2011,9,291.28581456088773,280.92777777777775,310.3722222222222,2010
765,2011,10,285.65581125058225,270.92777777777775,300.3722222222222,2010
766,2011,11,282.8570807179826,269.26111111111106,295.3722222222222,2010
767,2011,12,277.66462552234,264.81666666666666,289.81666666666666,2010
768,2012,1,275.07038083281077,262.0388888888889,288.15,2010
769,2012,2,276.7003379580222,262.59444444444443,292.59444444444443,2010
770,2012,3,286.1583220872705,268.7055555555555,301.4833333333333,2010
771,2012,4,285.87342995169126,272.59444444444443,301.4833333333333,2010
772,2012,5,293.6282659228268,280.92777777777775,305.3722222222222,2010
773,2012,6,296.08101273805073,283.15,310.92777777777775,2010
774,2012,7,299.9260857304011,289.81666666666666,312.59444444444443,2010
775,2012,8,297.25826514882,284.26111111111106,309.81666666666666,2010
776,2012,9,292.1810457516335,275.92777777777775,304.26111111111106,2010
777,2012,10,285.05076510220493,273.15,298.15,2010
778,2012,11,278.82908346134195,266.4833333333333,294.81666666666666,2010
779,2012,12,278.44153393184695,266.4833333333333,294.26111111111106,2010
780,2013,1,274.8903794037943,259.81666666666666,292.0388888888889,2010
781,2013,2,273.68921568627496,259.26111111111106,289.26111111111106,2010
782,2013,3,275.9014701330865,264.81666666666666,291.4833333333333,2010
783,2013,4,285.6738917674154,268.15,300.92777777777775,2010
784,2013,5,291.59736546455457,274.26111111111106,303.15,2010
785,2013,6,295.2310749774165,285.92777777777775,305.3722222222222,2010
786,2013,7,296.31783737760793,284.81666666666666,306.4833333333333,2010
787,2013,8,296.49716459197765,285.3722222222222,307.59444444444443,2010
788,2013,9,293.2455988455994,282.59444444444443,305.92777777777775,2010
789,2013,10,286.7471685971685,271.4833333333333,300.92777777777775,2010
790,2013,11,278.69752066115706,263.7055555555555,291.4833333333333,2010
791,2013,12,275.2163896309486,259.26111111111106,293.15,2010
792,2014,1,268.9239705440336,250.92777777777775,284.26111111111106,2010
793,2014,2,271.2175818373818,255.92777777777775,292.59444444444443,2010
794,2014,3,276.95198019801984,260.3722222222222,295.92777777777775,2010
795,2014,4,286.57156862745103,270.92777777777775,299.81666666666666,2010
796,2014,5,291.594096497333,275.92777777777775,303.7055555555555,2010
797,2014,6,295.93677462887985,282.0388888888889,305.3722222222222,2010
798,2014,7,295.21714383094775,283.15,305.3722222222222,2010
799,2014,8,296.6753705506868,284.26111111111106,305.92777777777775,2010
800,2014,9,292.57994664810997,280.3722222222222,304.81666666666666,2010
801,2014,10,286.3678164624975,275.3722222222222,303.15,2010
802,2014,11,277.2735827664405,261.4833333333333,292.59444444444443,2010
803,2014,12,276.45935618814406,262.59444444444443,287.59444444444443,2010
804,2015,1,272.42093436792766,254.2611111111111,289.81666666666666,2010
805,2015,2,268.40357307515046,249.81666666666663,287.59444444444443,2010
806,2015,3,278.8006267261528,255.92777777777775,297.0388888888889,2010
807,2015,4,286.688098375055,273.7055555555555,298.7055555555555,2010
808,2015,5,292.998108747045,279.26111111111106,303.15,2010
809,2015,6,295.46177446102905,284.81666666666666,305.92777777777775,2010
810,2015,7,296.5771151885837,288.15,305.92777777777775,2010
811,2015,8,295.3652994115619,285.3722222222222,304.81666666666666,2010
812,2015,9,294.13276693179165,281.4833333333333,306.4833333333333,2010
813,2015,10,287.08081761006315,270.92777777777775,299.81666666666666,2010
814,2015,11,282.87797770507706,266.4833333333333,297.59444444444443,2010
815,2015,12,281.0304347826101,267.0388888888889,294.26111111111106,2010
816,2016,1,272.4246455654469,258.15,290.92777777777775,2010
817,2016,2,275.4997536945815,261.4833333333333,295.3722222222222,2010
818,2016,3,283.175445292621,269.26111111111106,297.0388888888889,2010
819,2016,4,286.00578002244714,269.81666666666666,301.4833333333333,2010
820,2016,5,289.56735765616423,273.15,303.15,2010
821,2016,6,296.4833333333339,282.59444444444443,305.92777777777775,2010
822,2016,7,297.57894056847573,287.59444444444443,307.0388888888889,2010
823,2016,8,298.1186337054757,287.0388888888889,307.0388888888889,2010
824,2016,9,294.60344082252664,282.0388888888889,305.3722222222222,2010
825,2016,10,289.51134067952216,278.7055555555555,300.92777777777775,2010
826,2016,11,282.17457488935565,269.81666666666666,300.92777777777775,2010
827,2016,12,274.6416926272069,259.26111111111106,294.81666666666666,2010
828,2017,1,276.646506842761,257.59444444444443,292.0388888888889,2010
829,2017,2,280.5645299145297,261.4833333333333,298.15,2010
830,2017,3,280.46568016614737,264.26111111111106,298.7055555555555,2010
831,2017,4,289.08349222562697,271.4833333333333,300.92777777777775,2010
832,2017,5,290.22427813488406,272.0388888888889,302.0388888888889,2010
833,2017,6,295.2218681063509,283.15,305.3722222222222,2010
834,2017,7,297.374730127576,286.4833333333333,305.3722222222222,2010
835,2017,8,295.5230076826052,284.26111111111106,305.3722222222222,2010
836,2017,9,292.6114572333689,280.92777777777775,305.3722222222222,2010
837,2017,10,287.7213077492344,272.0388888888889,301.4833333333333,2010
838,2017,11,280.99287763433773,268.15,297.0388888888889,2010
839,2017,12,273.5661304161306,257.0388888888889,290.3722222222222,2010
840,2018,1,271.87312638135444,252.03888888888886,289.26111111111106,2010
841,2018,2,278.3889762565528,262.0388888888889,298.7055555555555,2010
842,2018,3,277.970512820513,267.59444444444443,289.26111111111106,2010
843,2018,4,282.09314032342246,269.81666666666666,299.26111111111106,2010
844,2018,5,295.2837648327942,282.0388888888889,304.81666666666666,2010
845,2018,6,296.85203536870165,284.26111111111106,307.59444444444443,2010
846,2018,7,297.7410801239484,288.7055555555555,307.0388888888889,2010
847,2018,8,297.0025912482354,285.92777777777775,305.3722222222222,2010
848,2018,9,294.67846331029955,280.92777777777775,307.0388888888889,2010
849,2018,10,287.17224435590975,273.15,303.7055555555555,2010
850,2018,11,277.4153606411395,265.92777777777775,290.92777777777775,2010
851,2018,12,277.23427267847586,264.26111111111106,291.4833333333333,2010
852,2019,1,272.4476370035198,252.59444444444443,290.3722222222222,2010
853,2019,2,277.34230769230777,263.15,291.4833333333333,2010
854,2019,3,278.0323655224045,259.81666666666666,295.3722222222222,2010
855,2019,4,286.54900046490053,267.59444444444443,299.81666666666666,2010
856,2019,5,292.0515511237734,278.15,304.26111111111106,2010
857,2019,6,294.96021257944307,282.0388888888889,305.92777777777775,2010
858,2019,7,298.63540393754255,289.26111111111106,306.4833333333333,2010
859,2019,8,297.2046006066739,284.81666666666666,307.59444444444443,2010
860,2019,9,297.0388888888893,284.26111111111106,308.15,2010
861,2019,10,287.92459016393576,274.26111111111106,307.59444444444443,2010
862,2019,11,277.42281845536695,261.4833333333333,289.81666666666666,2010
863,2019,12,277.7518957345973,263.7055555555555,290.92777777777775,2010
864,2020,1,276.7706896551725,274.26111111111106,281.4833333333333,2020
865,2020,2,,,,2020
866,2020,3,,,,2020
867,2020,4,,,,2020
868,2020,5,,,,2020
869,2020,6,,,,2020
870,2020,7,,,,2020
871,2020,8,,,,2020
872,2020,9,,,,2020
873,2020,10,,,,2020
874,2020,11,,,,2020
875,2020,12,,,,2020
